component_id,lot_id,true_condition,is_injected_anomaly,within_demo_screening_bounds,will_cross_demo_limit_by_120h,anomaly_risk_score,predicted_anomaly,future_failure_probability,predicted_future_failure
M04608,L10,SUDDEN_DEGRADATION,1,1,1,0.7705067715091082,1,0.9892139544493505,1
M04008,L09,RDS_DRIFT,1,1,1,0.6970743490005927,1,0.981745242908251,1
M04889,L10,RDS_DRIFT,1,1,1,0.678209159749095,1,0.9814977566052532,1
M04354,L09,RDS_DRIFT,1,1,1,0.6600403232212348,1,0.9814977566052532,1
M04037,L09,THERMAL_SENSITIVE,1,1,1,0.6874624987063948,1,0.9785688842686228,1
M04232,L09,RDS_DRIFT,1,1,1,0.6653749848127046,1,0.9717464116610228,1
M04722,L10,RDS_DRIFT,1,1,1,0.6517055074620569,1,0.9717464116610228,1
M04923,L10,RDS_DRIFT,1,1,1,0.6369935801981458,1,0.9702248203382622,1
M04885,L10,RDS_DRIFT,1,1,1,0.7106466316901225,1,0.9647877432246847,1
M04284,L09,RDS_DRIFT,1,1,1,0.7071332869534179,1,0.9647877432246847,1
M04593,L10,RDS_DRIFT,1,1,1,0.6953293394609144,1,0.9647877432246847,1
M04153,L09,RDS_DRIFT,1,1,1,0.6818979134925955,1,0.9647877432246847,1
